Workbook

Sheet Advanced VLOOKUP QUESTION
A1: ProductID | B1: Product | C1: Category | D1: Price
A2: 101 | B2: Product A | C2: Electronics | D2: 120 | G2: 1. Use VLOOKUP to dynamically find the unit price for each ProductID in the Orders worksheet and calculate the total price.
A3: 102 | B3: Product B | C3: Furniture | D3: 150 | G3: 2. Use nested VLOOKUP to find the category of each product in the Orders worksheet.
A4: 103 | B4: Product C | C4: Electronics | D4: 200
A5: 104 | B5: Product D | C5: Clothing | D5: 90
A6: 105 | B6: Product E | C6: Furniture | D6: 220
A7: 106 | B7: Product F | C7: Electronics | D7: 130
A9: OrderID | B9: ProductID | C9: Quantity | D9: Unit Price | E9: Total Price
A10: 1 | B10: 101 | C10: 2
A11: 2 | B11: 103 | C11: 1
A12: 3 | B12: 105 | C12: 4
A13: 4 | B13: 106 | C13: 3
A14: 5 | B14: 102 | C14: 5
A15: 6 | B15: 104 | C15: 6

Sheet Products
A1: ProductID | B1: Product | C1: Category | D1: Price
A2: 101 | B2: Product A | C2: Electronics | D2: 120
A3: 102 | B3: Product B | C3: Furniture | D3: 150
A4: 103 | B4: Product C | C4: Electronics | D4: 200
A5: 104 | B5: Product D | C5: Clothing | D5: 90
A6: 105 | B6: Product E | C6: Furniture | D6: 220
A7: 106 | B7: Product F | C7: Electronics | D7: 130

Sheet Orders
A1: OrderID | B1: ProductID | C1: Quantity
A2: 1 | B2: 101 | C2: 2
A3: 2 | B3: 103 | C3: 1
A4: 3 | B4: 105 | C4: 4
A5: 4 | B5: 106 | C5: 3
A6: 5 | B6: 102 | C6: 5
A7: 6 | B7: 104 | C7: 6
A10: 1. Use VLOOKUP to dynamically find the unit price for each ProductID in the Orders worksheet and calculate the total price.
A11: OrderID | B11: ProductID | C11: Quantity | D11: Unit Price | E11: Total Price
A12: 1 | B12: 101 | C12: 2 | D12: =VLOOKUP(B12,Products!$A$1:$D$7,4,FALSE) -> 120 | E12: =C12*D12 -> 240
A13: 2 | B13: 103 | C13: 1 | D13: =VLOOKUP(B13,Products!$A$1:$D$7,4,FALSE) -> 200 | E13: =C13*D13 -> 200
A14: 3 | B14: 105 | C14: 4 | D14: =VLOOKUP(B14,Products!$A$1:$D$7,4,FALSE) -> 220 | E14: =C14*D14 -> 880
A15: 4 | B15: 106 | C15: 3 | D15: =VLOOKUP(B15,Products!$A$1:$D$7,4,FALSE) -> 130 | E15: =C15*D15 -> 390
A16: 5 | B16: 102 | C16: 5 | D16: =VLOOKUP(B16,Products!$A$1:$D$7,4,FALSE) -> 150 | E16: =C16*D16 -> 750
A17: 6 | B17: 104 | C17: 6 | D17: =VLOOKUP(B17,Products!$A$1:$D$7,4,FALSE) -> 90 | E17: =C17*D17 -> 540
A19: 2. Use nested VLOOKUP to find the category of each product in the Orders worksheet.
A20: OrderID | B20: ProductID | C20: Quantity | D20: Unit Price | E20: Total Price | F20: CATEGORY
A21: 1 | B21: 101 | C21: 2 | D21: =VLOOKUP(B21,Products!$A$1:$D$7,4,FALSE) -> 120 | E21: =C21*D21 -> 240 | F21: =VLOOKUP(B21,Products!$A$1:$D$7,3,FALSE) -> Electronics
A22: 2 | B22: 103 | C22: 1 | D22: =VLOOKUP(B22,Products!$A$1:$D$7,4,FALSE) -> 200 | E22: =C22*D22 -> 200 | F22: =VLOOKUP(B22,Products!$A$1:$D$7,3,FALSE) -> Electronics
A23: 3 | B23: 105 | C23: 4 | D23: =VLOOKUP(B23,Products!$A$1:$D$7,4,FALSE) -> 220 | E23: =C23*D23 -> 880 | F23: =VLOOKUP(B23,Products!$A$1:$D$7,3,FALSE) -> Furniture
A24: 4 | B24: 106 | C24: 3 | D24: =VLOOKUP(B24,Products!$A$1:$D$7,4,FALSE) -> 130 | E24: =C24*D24 -> 390 | F24: =VLOOKUP(B24,Products!$A$1:$D$7,3,FALSE) -> Electronics
A25: 5 | B25: 102 | C25: 5 | D25: =VLOOKUP(B25,Products!$A$1:$D$7,4,FALSE) -> 150 | E25: =C25*D25 -> 750 | F25: =VLOOKUP(B25,Products!$A$1:$D$7,3,FALSE) -> Furniture
A26: 6 | B26: 104 | C26: 6 | D26: =VLOOKUP(B26,Products!$A$1:$D$7,4,FALSE) -> 90 | E26: =C26*D26 -> 540 | F26: =VLOOKUP(B26,Products!$A$1:$D$7,3,FALSE) -> Clothing

Sheet HLOOKUP QUESTION AND ANSWER
A1: Product | B1: Jan | C1: Feb | D1: Mar | E1: Apr | F1: May
A2: Product A | B2: 120 | C2: 130 | D2: 140 | E2: 150 | F2: 160 | H2: 1. Use HLOOKUP to dynamically find the sales for Product B in a specified month.
A3: Product B | B3: 150 | C3: 160 | D3: 170 | E3: 180 | F3: 190
A4: Product C | B4: 200 | C4: 210 | D4: 220 | E4: 230 | F4: 240
A5: Product D | B5: 90 | C5: 100 | D5: 110 | E5: 120 | F5: 130
A6: Product E | B6: 220 | C6: 230 | D6: 240 | E6: 250 | F6: 260
A7: Product F | B7: 130 | C7: 140 | D7: 150 | E7: 160 | F7: 170
A9: 1. Use HLOOKUP to dynamically find the sales for Product B in a specified month.
A10: Product | B10: Month | C10: Sales
A11: Product B | B11: Feb | C11: =HLOOKUP(B11,B1:F7,3,FALSE) -> 160
